Country,Healthy Life Expectancy,Generosity,GDP per Capita,Social Support,Happiness Score,Freedom,Perceptions of Corruption,Happiness Rank,year
Switzerland,0.94143,0.29678,1.39651,1.34951,7.587,0.66557,0.41978,1,2015
Iceland,0.94784,0.4363,1.30232,1.40223,7.561,0.62877,0.14145,2,2015
Denmark,0.87464,0.34139,1.32548,1.36058,7.527,0.64938,0.48357,3,2015
Norway,0.88521,0.34699,1.459,1.33095,7.522,0.66973,0.36503,4,2015
Canada,0.90563,0.45811,1.32629,1.32261,7.427,0.63297,0.32957,5,2015
Finland,0.88911,0.23351,1.29025,1.31826,7.406,0.64169,0.41372,6,2015
Netherlands,0.89284,0.4761,1.32944,1.28017,7.378,0.61576,0.31814,7,2015
Sweden,0.91087,0.36262,1.33171,1.28907,7.364,0.6598,0.43844,8,2015
New Zealand,0.90837,0.47501,1.25018,1.31967,7.286,0.63938,0.42922,9,2015
Australia,0.93156,0.43562,1.33358,1.30923,7.284,0.65124,0.35637,10,2015
Israel,0.91387,0.33172,1.22857,1.22393,7.278,0.41319,0.07785,11,2015
Costa Rica,0.86027,0.25497,0.95578,1.23788,7.226,0.63376,0.10583,12,2015
Austria,0.89042,0.33088,1.33723,1.29704,7.2,0.62433,0.18676,13,2015
Mexico,0.81444,0.14074,1.02054,0.91451,7.187,0.48181,0.21312,14,2015
United States,0.86179,0.40105,1.39451,1.24711,7.119,0.54604,0.1589,15,2015
Brazil,0.69702,0.14574,0.98124,1.23287,6.983,0.49049,0.17521,16,2015
Luxembourg,0.91894,0.28034,1.56391,1.21963,6.946,0.61583,0.37798,17,2015
Ireland,0.89533,0.45901,1.33596,1.36948,6.94,0.61777,0.28703,18,2015
Belgium,0.89667,0.2225,1.30782,1.28566,6.937,0.5845,0.2254,19,2015
United Arab Emirates,0.80925,0.26428,1.42727,1.12575,6.901,0.64157,0.38583,20,2015
United Kingdom,0.90943,0.51912,1.26637,1.28548,6.867,0.59625,0.32067,21,2015
Oman,0.76276,0.21542,1.36011,1.08182,6.853,0.63274,0.32524,22,2015
Venezuela,0.72052,0.05841,1.04424,1.25596,6.81,0.42908,0.11069,23,2015
Singapore,1.02525,0.31105,1.52186,1.02,6.798,0.54252,0.4921,24,2015
Panama,0.79661,0.24434,1.06353,1.1985,6.786,0.5421,0.0927,25,2015
Germany,0.89186,0.28214,1.32792,1.29937,6.75,0.61477,0.21843,26,2015
Chile,0.85857,0.33363,1.10715,1.12447,6.67,0.44132,0.12869,27,2015
Qatar,0.79733,0.32573,1.69042,1.0786,6.611,0.6404,0.52208,28,2015
France,0.94579,0.12332,1.27778,1.26038,6.575,0.55011,0.20646,29,2015
Argentina,0.78723,0.11451,1.05351,1.24823,6.574,0.44974,0.08484,30,2015
Czech Republic,0.84483,0.10686,1.17898,1.20643,6.505,0.46364,0.02652,31,2015
Uruguay,0.8116,0.2324,1.06166,1.2089,6.485,0.60362,0.24558,32,2015
Colombia,0.69077,0.18401,0.91861,1.24018,6.477,0.53466,0.0512,33,2015
Thailand,0.7385,0.5763,0.9669,1.26504,6.455,0.55664,0.03187,34,2015
Saudi Arabia,0.72025,0.13706,1.39541,1.08393,6.411,0.31048,0.32524,35,2015
Spain,0.95562,0.18227,1.23011,1.31379,6.329,0.45951,0.06398,36,2015
Malta,0.88721,0.51752,1.2074,1.30203,6.302,0.60365,0.13586,37,2015
Taiwan,0.8753,0.25376,1.29098,1.07617,6.298,0.3974,0.08129,38,2015
Kuwait,0.72492,0.16228,1.55422,1.16594,6.295,0.55499,0.25609,39,2015
Suriname,0.6082,0.16991,0.99534,0.972,6.269,0.59657,0.13633,40,2015
Trinidad and Tobago,0.61483,0.31844,1.21183,1.18354,6.168,0.55884,0.0114,41,2015
El Salvador,0.67737,0.10692,0.76454,1.02507,6.13,0.4035,0.11776,42,2015
Guatemala,0.64425,0.27489,0.74553,1.04356,6.123,0.57733,0.09472,43,2015
Uzbekistan,0.59772,0.22837,0.63244,1.34043,6.003,0.65821,0.30826,44,2015
Slovakia,0.78902,0.16893,1.16891,1.26999,5.995,0.31751,0.03431,45,2015
Japan,0.99111,0.10705,1.27074,1.25712,5.987,0.49615,0.1806,46,2015
South Korea,0.96538,0.18557,1.24461,0.95774,5.984,0.33208,0.07857,47,2015
Ecuador,0.79075,0.11541,0.86402,0.99903,5.975,0.48574,0.1809,48,2015
Bahrain,0.74716,0.17362,1.32376,1.21624,5.96,0.45492,0.306,49,2015
Italy,0.95446,0.22823,1.25114,1.19777,5.948,0.26236,0.02901,50,2015
Bolivia,0.5392,0.20536,0.68133,0.97841,5.89,0.57414,0.088,51,2015
Moldova,0.61826,0.20951,0.59448,1.01528,5.889,0.32818,0.01615,52,2015
Paraguay,0.66098,0.3424,0.75985,1.30477,5.878,0.53899,0.08242,53,2015
Kazakhstan,0.64368,0.11827,1.12254,1.12241,5.855,0.51649,0.08454,54,2015
Slovenia,0.87337,0.25328,1.18498,1.27385,5.848,0.60855,0.03787,55,2015
Lithuania,0.73128,0.02641,1.14723,1.25745,5.833,0.21342,0.01031,56,2015
Nicaragua,0.74314,0.27815,0.59325,1.14184,5.828,0.55475,0.19317,57,2015
Peru,0.73017,0.14982,0.90019,0.97459,5.824,0.41496,0.05989,58,2015
Belarus,0.73608,0.11046,1.03192,1.23289,5.813,0.37938,0.1909,59,2015
Poland,0.77903,0.16759,1.12555,1.27948,5.791,0.53122,0.04212,60,2015
Malaysia,0.72394,0.33075,1.12486,1.07023,5.77,0.53024,0.10501,61,2015
Croatia,0.78805,0.05444,1.08254,0.79624,5.759,0.25883,0.0243,62,2015
Libya,0.7038,0.18295,1.13145,1.11862,5.754,0.41668,0.11023,63,2015
Russia,0.66926,0.00199,1.13764,1.23617,5.716,0.36679,0.03005,64,2015
Jamaica,0.68741,0.2123,0.81038,1.15102,5.709,0.50442,0.02299,65,2015
North Cyprus,0.92356,0.26169,1.20806,1.07008,5.695,0.49027,0.1428,66,2015
Cyprus,0.92356,0.30638,1.20813,0.89318,5.689,0.40672,0.06146,67,2015
Algeria,0.61766,0.07822,0.93929,1.07772,5.605,0.28579,0.17383,68,2015
Kosovo,0.63132,0.2831,0.80148,0.81198,5.589,0.24749,0.04741,69,2015
Turkmenistan,0.53886,0.16979,0.95847,1.22668,5.548,0.4761,0.30844,70,2015
Mauritius,0.7095,0.37744,1.00761,0.98521,5.477,0.56066,0.07521,71,2015
Hong Kong,1.01328,0.39478,1.38604,1.05818,5.474,0.59608,0.37124,72,2015
Estonia,0.77361,0.0868,1.15174,1.22791,5.429,0.44888,0.15184,73,2015
Indonesia,0.63793,0.51535,0.82827,1.08708,5.399,0.46611,0.0,74,2015
Vietnam,0.74676,0.1686,0.63216,0.91226,5.36,0.59444,0.10441,75,2015
Turkey,0.73172,0.12253,1.06098,0.94632,5.332,0.22815,0.15746,76,2015
Kyrgyzstan,0.65088,0.3003,0.47428,1.15115,5.286,0.43477,0.04232,77,2015
Nigeria,0.16007,0.27233,0.65435,0.90432,5.268,0.34334,0.0403,78,2015
Bhutan,0.57407,0.47998,0.77042,1.10395,5.253,0.53206,0.15445,79,2015
Azerbaijan,0.64045,0.07799,1.02389,0.93793,5.212,0.3703,0.16065,80,2015
Pakistan,0.51466,0.33671,0.59543,0.41411,5.194,0.12102,0.10464,81,2015
Jordan,0.69639,0.11053,0.90198,1.05392,5.192,0.40661,0.14293,82,2015
Montenegro,0.72521,0.1614,0.97438,0.90557,5.192,0.1826,0.14296,82,2015
China,0.81658,0.08185,0.89012,0.94675,5.14,0.51697,0.02781,84,2015
Zambia,0.29924,0.19591,0.47038,0.91612,5.129,0.48827,0.12468,85,2015
Romania,0.7689,0.13748,1.04345,0.88588,5.124,0.35068,0.00649,86,2015
Serbia,0.74836,0.19231,0.92053,1.00964,5.123,0.20107,0.02617,87,2015
Portugal,0.87519,0.13719,1.15991,1.13935,5.102,0.51469,0.01078,88,2015
Latvia,0.72437,0.18226,1.11312,1.09562,5.098,0.29671,0.06332,89,2015
Philippines,0.58114,0.24991,0.70532,1.03516,5.073,0.62545,0.12279,90,2015
Somaliland region,0.43873,0.50318,0.18847,0.95152,5.057,0.46582,0.39928,91,2015
Morocco,0.60954,0.07172,0.73479,0.64095,5.013,0.41691,0.08546,92,2015
Macedonia,0.73545,0.22359,0.91851,1.00232,5.007,0.33457,0.05327,93,2015
Mozambique,0.09131,0.22269,0.08308,1.02626,4.971,0.34037,0.15603,94,2015
Albania,0.81325,0.14272,0.87867,0.80434,4.959,0.35733,0.06413,95,2015
Bosnia and Herzegovina,0.79081,0.24808,0.83223,0.91916,4.949,0.09245,0.00227,96,2015
Lesotho,0.07612,0.16388,0.37545,1.04103,4.898,0.31767,0.12504,97,2015
Dominican Republic,0.66825,0.21684,0.89537,1.17202,4.885,0.57672,0.14234,98,2015
Laos,0.54909,0.42192,0.59066,0.73803,4.876,0.59591,0.24249,99,2015
Mongolia,0.60268,0.3323,0.82819,1.3006,4.874,0.43626,0.02666,100,2015
Swaziland,0.07566,0.18259,0.71206,1.07284,4.867,0.30658,0.0306,101,2015
Greece,0.88213,0.0,1.15406,0.92933,4.857,0.07699,0.01397,102,2015
Lebanon,0.83947,0.21854,1.02564,0.80001,4.839,0.33916,0.04582,103,2015
Hungary,0.75905,0.128,1.12094,1.20215,4.8,0.32112,0.02758,104,2015
Honduras,0.6951,0.23027,0.59532,0.95348,4.788,0.40148,0.06825,105,2015
Tajikistan,0.57379,0.22974,0.39047,0.85563,4.786,0.47216,0.15072,106,2015
Tunisia,0.73793,0.06431,0.88113,0.60429,4.739,0.26268,0.06358,107,2015
Palestinian Territories,0.66015,0.11251,0.59867,0.92558,4.715,0.24499,0.12905,108,2015
Bangladesh,0.60164,0.21222,0.39753,0.43106,4.694,0.4082,0.12569,109,2015
Iran,0.69805,0.38086,1.0088,0.54447,4.686,0.30033,0.05863,110,2015
Ukraine,0.6739,0.15275,0.79907,1.20278,4.681,0.25123,0.02961,111,2015
Iraq,0.60237,0.17922,0.98549,0.81889,4.677,0.0,0.13788,112,2015
South Africa,0.27688,0.11973,0.92049,1.18468,4.642,0.33207,0.08884,113,2015
Ghana,0.40132,0.23087,0.54558,0.67954,4.633,0.42342,0.04355,114,2015
Zimbabwe,0.33475,0.18987,0.271,1.03276,4.61,0.25861,0.08079,115,2015
Liberia,0.34201,0.24362,0.0712,0.78968,4.571,0.28531,0.06232,116,2015
India,0.51529,0.26475,0.64499,0.38174,4.565,0.39786,0.08492,117,2015
Sudan,0.36878,0.19062,0.52107,1.01404,4.55,0.10081,0.1466,118,2015
Haiti,0.38847,0.46187,0.26673,0.74302,4.518,0.24425,0.17175,119,2015
Congo (Kinshasa),0.09806,0.24834,0.0,1.0012,4.517,0.22605,0.07625,120,2015
Nepal,0.56874,0.32296,0.35997,0.86449,4.514,0.38282,0.05907,121,2015
Ethiopia,0.44055,0.24325,0.19073,0.60406,4.512,0.4345,0.15048,122,2015
Sierra Leone,0.0,0.21488,0.33024,0.95571,4.507,0.4084,0.08786,123,2015
Mauritania,0.35874,0.219,0.45407,0.86908,4.436,0.24232,0.17461,124,2015
Kenya,0.41435,0.37542,0.36471,0.99876,4.419,0.42215,0.05839,125,2015
Djibouti,0.36291,0.18093,0.44025,0.59207,4.369,0.46074,0.28105,126,2015
Armenia,0.7299,0.07855,0.76821,0.77711,4.35,0.19847,0.039,127,2015
Botswana,0.04776,0.10461,0.99355,1.10464,4.332,0.49495,0.12474,128,2015
Myanmar,0.48246,0.79588,0.27108,0.70905,4.307,0.44017,0.19034,129,2015
Georgia,0.72926,0.05547,0.7419,0.38562,4.297,0.40577,0.38331,130,2015
Malawi,0.22562,0.33128,0.01604,0.41134,4.292,0.43054,0.06977,131,2015
Sri Lanka,0.70806,0.40828,0.83524,1.01905,4.271,0.53726,0.09179,132,2015
Cameroon,0.23402,0.20618,0.4225,0.88767,4.252,0.49309,0.05786,133,2015
Bulgaria,0.76649,0.11921,1.01216,1.10614,4.218,0.30587,0.00872,134,2015
Egypt,0.61712,0.11291,0.8818,0.747,4.194,0.17288,0.06324,135,2015
Yemen,0.40064,0.09131,0.54649,0.68093,4.077,0.35571,0.07854,136,2015
Angola,0.16683,0.12344,0.75778,0.8604,4.033,0.10384,0.07122,137,2015
Mali,0.20583,0.18798,0.26074,1.03526,3.995,0.38857,0.12352,138,2015
Congo (Brazzaville),0.31051,0.12388,0.67866,0.6629,3.989,0.41466,0.11686,139,2015
Comoros,0.36315,0.17441,0.23906,0.79273,3.956,0.22917,0.199,140,2015
Uganda,0.33861,0.29066,0.21102,1.13299,3.931,0.45727,0.07267,141,2015
Senegal,0.4354,0.20843,0.36498,0.97619,3.904,0.36772,0.10713,142,2015
Gabon,0.43372,0.06822,1.06024,0.90528,3.896,0.31914,0.11091,143,2015
Niger,0.29707,0.19387,0.0694,0.77265,3.845,0.47692,0.15639,144,2015
Cambodia,0.61114,0.40359,0.46038,0.62736,3.819,0.66246,0.07247,145,2015
Tanzania,0.38215,0.34377,0.2852,1.00268,3.781,0.32878,0.05747,146,2015
Madagascar,0.46721,0.21333,0.20824,0.66801,3.681,0.19184,0.08124,147,2015
Central African Republic,0.06699,0.23835,0.0785,0.0,3.678,0.48879,0.08289,148,2015
Chad,0.1501,0.18386,0.34193,0.76062,3.667,0.23501,0.05269,149,2015
Guinea,0.24009,0.28657,0.17417,0.46475,3.656,0.37725,0.12139,150,2015
Ivory Coast,0.15185,0.20165,0.46534,0.77115,3.655,0.46866,0.17922,151,2015
Burkina Faso,0.27125,0.21747,0.25812,0.85188,3.587,0.39493,0.12832,152,2015
Afghanistan,0.30335,0.3651,0.31982,0.30285,3.575,0.23414,0.09719,153,2015
Rwanda,0.42864,0.22628,0.22208,0.7737,3.465,0.59201,0.55191,154,2015
Benin,0.3191,0.1826,0.28665,0.35386,3.34,0.4845,0.0801,155,2015
Syria,0.72193,0.47179,0.6632,0.47489,3.006,0.15684,0.18906,156,2015
Burundi,0.22396,0.19727,0.0153,0.41587,2.905,0.1185,0.10062,157,2015
Togo,0.28443,0.16681,0.20868,0.13995,2.839,0.36453,0.10731,158,2015
Denmark,0.79504,0.36171,1.44178,1.16374,7.526,0.57941,0.44453,1,2016
Switzerland,0.86303,0.28083,1.52733,1.14524,7.509,0.58557,0.41203,2,2016
Iceland,0.86733,0.47678,1.42666,1.18326,7.501,0.56624,0.14975,3,2016
Norway,0.79579,0.37895,1.57744,1.1269,7.498,0.59609,0.35776,4,2016
Finland,0.81091,0.25492,1.40598,1.13464,7.413,0.57104,0.41004,5,2016
Canada,0.8276,0.44834,1.44015,1.0961,7.404,0.5737,0.31329,6,2016
Netherlands,0.81231,0.47416,1.46468,1.02912,7.339,0.55211,0.29927,7,2016
New Zealand,0.83096,0.49401,1.36066,1.17278,7.334,0.58147,0.41904,8,2016
Australia,0.8512,0.47407,1.44443,1.10476,7.313,0.56837,0.32331,9,2016
Sweden,0.83121,0.38254,1.45181,1.08764,7.291,0.58218,0.40867,10,2016
Israel,0.84917,0.32288,1.33766,0.99537,7.267,0.36432,0.08728,11,2016
Austria,0.80565,0.32865,1.45038,1.08383,7.119,0.54355,0.21348,12,2016
United States,0.779,0.41077,1.50796,1.04782,7.104,0.48163,0.14868,13,2016
Costa Rica,0.76146,0.22553,1.06879,1.02152,7.087,0.55225,0.10547,14,2016
Puerto Rico,0.77758,0.22202,1.35943,1.08113,7.039,0.46823,0.12275,15,2016
Germany,0.81487,0.30452,1.44787,1.09774,6.994,0.53466,0.28551,16,2016
Brazil,0.61415,0.15776,1.08754,1.03938,6.952,0.40425,0.14166,17,2016
Belgium,0.81959,0.2424,1.42539,1.05249,6.929,0.51354,0.26248,18,2016
Ireland,0.81455,0.44963,1.48341,1.16157,6.907,0.54008,0.29754,19,2016
Luxembourg,0.84542,0.27571,1.69752,1.03999,6.871,0.5487,0.35329,20,2016
Mexico,0.71143,0.11735,1.11508,0.7146,6.778,0.37709,0.18355,21,2016
Singapore,0.94719,0.32706,1.64555,0.86758,6.739,0.4877,0.46987,22,2016
United Kingdom,0.80991,0.50156,1.40283,1.08672,6.725,0.50036,0.27399,23,2016
Chile,0.81883,0.31595,1.2167,0.90587,6.705,0.37789,0.11451,24,2016
Panama,0.70835,0.2418,1.18306,0.98912,6.701,0.48927,0.08423,25,2016
Argentina,0.69711,0.10989,1.15137,1.06612,6.65,0.42284,0.07296,26,2016
Czech Republic,0.76376,0.09929,1.30915,1.00793,6.596,0.41418,0.03986,27,2016
United Arab Emirates,0.72993,0.26591,1.57352,0.87114,6.573,0.56215,0.35561,28,2016
Uruguay,0.72183,0.18056,1.18157,1.03143,6.545,0.54388,0.21394,29,2016
Malta,0.80315,0.56237,1.30782,1.09879,6.488,0.54994,0.17554,30,2016
Colombia,0.59659,0.15626,1.03032,1.02169,6.481,0.44735,0.05399,31,2016
France,0.83795,0.1216,1.39488,1.00508,6.478,0.46562,0.17808,32,2016
Thailand,0.64915,0.58696,1.0893,1.04477,6.474,0.49553,0.02833,33,2016
Saudi Arabia,0.59267,0.15457,1.48953,0.84829,6.379,0.37904,0.30008,34,2016
Taiwan,0.79565,0.25495,1.39729,0.92624,6.379,0.32377,0.0663,34,2016
Qatar,0.71723,0.32388,1.82427,0.87964,6.375,0.56679,0.48049,36,2016
Spain,0.87896,0.17665,1.34253,1.12945,6.361,0.37545,0.06137,37,2016
Algeria,0.61804,0.07044,1.05266,0.83309,6.355,0.21006,0.16157,38,2016
Guatemala,0.54039,0.28808,0.83454,0.87119,6.324,0.50379,0.08701,39,2016
Suriname,0.50933,0.16665,1.09686,0.77866,6.269,0.52234,0.12692,40,2016
Kuwait,0.63569,0.15965,1.61714,0.87758,6.239,0.43166,0.23669,41,2016
Bahrain,0.65696,0.17147,1.44024,0.94397,6.218,0.47375,0.25772,42,2016
Trinidad and Tobago,0.52608,0.31935,1.32572,0.98569,6.168,0.48453,0.01241,43,2016
Venezuela,0.61904,0.0425,1.13367,1.03302,6.084,0.19847,0.08304,44,2016
Slovakia,0.70367,0.13837,1.27973,1.08268,6.078,0.23391,0.02947,45,2016
El Salvador,0.596,0.08877,0.8737,0.80975,6.068,0.37269,0.10613,46,2016
Malaysia,0.62366,0.41474,1.25142,0.88025,6.005,0.39031,0.09081,47,2016
Nicaragua,0.65213,0.29773,0.69384,0.89521,5.992,0.46582,0.16292,48,2016
Uzbekistan,0.50163,0.34326,0.73591,1.1681,5.987,0.60848,0.28333,49,2016
Italy,0.85102,0.16684,1.35495,1.04167,5.977,0.18827,0.02556,50,2016
Ecuador,0.68613,0.10074,0.97306,0.85974,5.976,0.4027,0.18037,51,2016
Belize,0.45569,0.23684,0.87616,0.68655,5.956,0.51231,0.10771,52,2016
Japan,0.91491,0.10224,1.38007,1.06054,5.921,0.46761,0.18985,53,2016
Kazakhstan,0.57386,0.15011,1.22943,0.95544,5.919,0.4052,0.11132,54,2016
Moldova,0.52309,0.19997,0.69177,0.83132,5.897,0.25202,0.01903,55,2016
Russia,0.58991,0.02736,1.23228,1.05261,5.856,0.32682,0.03586,56,2016
Poland,0.69058,0.14443,1.24585,1.04685,5.835,0.4519,0.055,57,2016
South Korea,0.88645,0.18824,1.35948,0.72194,5.835,0.25168,0.07716,57,2016
Bolivia,0.4697,0.21698,0.79422,0.83779,5.822,0.50961,0.07746,59,2016
Lithuania,0.64674,0.02025,1.2692,1.06411,5.813,0.18929,0.0182,60,2016
Belarus,0.63104,0.13942,1.13062,1.04993,5.802,0.29091,0.17457,61,2016
North Cyprus,0.84142,0.26322,1.31141,0.81826,5.771,0.43596,0.16578,62,2016
Slovenia,0.79151,0.25738,1.29947,1.05613,5.768,0.53164,0.03635,63,2016
Peru,0.62994,0.14527,0.99602,0.81255,5.743,0.37502,0.05292,64,2016
Turkmenistan,0.44006,0.22567,1.08017,1.03817,5.658,0.37408,0.28467,65,2016
Mauritius,0.66189,0.36951,1.14372,0.75695,5.648,0.46145,0.05203,66,2016
Libya,0.52304,0.17087,1.06688,0.95076,5.615,0.40672,0.10339,67,2016
Latvia,0.63952,0.17445,1.21788,0.95025,5.56,0.27996,0.0889,68,2016
Cyprus,0.8488,0.27906,1.31857,0.70697,5.546,0.29507,0.05228,69,2016
Paraguay,0.58295,0.25296,0.89373,1.11111,5.538,0.46235,0.07396,70,2016
Romania,0.67602,0.12889,1.1697,0.72803,5.528,0.36712,0.00679,71,2016
Estonia,0.68098,0.08423,1.27964,1.05163,5.517,0.41511,0.18519,72,2016
Jamaica,0.59469,0.22245,0.89333,0.96372,5.51,0.43597,0.04294,73,2016
Croatia,0.70524,0.18434,1.18649,0.60809,5.488,0.23907,0.04002,74,2016
Hong Kong,0.95277,0.40097,1.5107,0.87021,5.458,0.48079,0.31647,75,2016
Somalia,0.11466,0.27225,0.0,0.33613,5.44,0.56778,0.3118,76,2016
Kosovo,0.54,0.27992,0.90145,0.66062,5.401,0.14396,0.06547,77,2016
Turkey,0.64718,0.04707,1.16492,0.87717,5.389,0.23889,0.12348,78,2016
Indonesia,0.49374,0.56521,0.95104,0.87625,5.314,0.39237,0.00322,79,2016
Jordan,0.60712,0.14262,0.99673,0.86216,5.303,0.36023,0.13297,80,2016
Azerbaijan,0.54504,0.0564,1.12373,0.76042,5.291,0.35327,0.17914,81,2016
Philippines,0.47036,0.21674,0.81217,0.87877,5.279,0.54854,0.11757,82,2016
China,0.73561,0.04959,1.0278,0.79381,5.245,0.44012,0.02745,83,2016
Bhutan,0.49759,0.48546,0.8527,0.90836,5.196,0.46074,0.1616,84,2016
Kyrgyzstan,0.55449,0.38432,0.56044,0.95434,5.185,0.40212,0.04762,85,2016
Serbia,0.6458,0.20737,1.03437,0.81329,5.177,0.15718,0.04339,86,2016
Bosnia and Herzegovina,0.70766,0.29889,0.93383,0.64367,5.163,0.09511,0.0,87,2016
Montenegro,0.63533,0.17191,1.07838,0.74173,5.161,0.15111,0.12721,88,2016
Dominican Republic,0.57669,0.21286,1.02787,0.99496,5.155,0.52259,0.12372,89,2016
Morocco,0.59471,0.04053,0.84058,0.38595,5.151,0.25646,0.08404,90,2016
Hungary,0.67608,0.099,1.24142,0.93164,5.145,0.1977,0.04472,91,2016
Pakistan,0.40306,0.31185,0.68816,0.26135,5.132,0.14622,0.1388,92,2016
Lebanon,0.76171,0.23693,1.12268,0.64184,5.129,0.26228,0.03061,93,2016
Portugal,0.79363,0.11691,1.27607,0.94367,5.123,0.44727,0.01521,94,2016
Macedonia,0.64738,0.23507,1.0193,0.78236,5.121,0.27668,0.07047,95,2016
Vietnam,0.66157,0.25075,0.74037,0.79117,5.061,0.55954,0.11556,96,2016
Somaliland Region,0.33108,0.51479,0.25558,0.75862,5.057,0.3913,0.36794,97,2016
Tunisia,0.59577,0.03936,0.97724,0.43165,5.045,0.23553,0.0817,98,2016
Greece,0.80029,0.0,1.24886,0.75473,5.033,0.05822,0.04127,99,2016
Tajikistan,0.53119,0.25998,0.48835,0.75602,4.996,0.43408,0.13509,100,2016
Mongolia,0.55469,0.34539,0.98853,1.08983,4.907,0.35972,0.03285,101,2016
Laos,0.38291,0.43079,0.68042,0.5497,4.876,0.52168,0.22423,102,2016
Nigeria,0.05108,0.23219,0.75216,0.64498,4.875,0.27854,0.0305,103,2016
Honduras,0.58383,0.2044,0.69429,0.75596,4.871,0.26755,0.06906,104,2016
Iran,0.64232,0.38538,1.11758,0.38857,4.813,0.22544,0.0557,105,2016
Zambia,0.23573,0.17866,0.61202,0.6376,4.795,0.42662,0.11479,106,2016
Nepal,0.50073,0.3816,0.44626,0.69699,4.793,0.37012,0.07008,107,2016
Palestinian Territories,0.56844,0.11154,0.67024,0.71629,4.754,0.17744,0.10613,108,2016
Albania,0.73007,0.1684,0.9553,0.50163,4.655,0.31866,0.05301,109,2016
Bangladesh,0.52989,0.19132,0.54177,0.24749,4.643,0.39778,0.12583,110,2016
Sierra Leone,0.0,0.23897,0.36485,0.628,4.635,0.30685,0.08196,111,2016
Iraq,0.51076,0.19589,1.07474,0.59205,4.575,0.24856,0.13636,112,2016
Namibia,0.34745,0.07795,0.93287,0.70362,4.574,0.48614,0.10398,113,2016
Cameroon,0.12698,0.2268,0.52497,0.62542,4.513,0.42736,0.06126,114,2016
Ethiopia,0.34578,0.29522,0.29283,0.37932,4.508,0.36703,0.1717,115,2016
South Africa,0.18611,0.13656,1.02416,0.96053,4.459,0.42483,0.08415,116,2016
Sri Lanka,0.62007,0.46978,0.97318,0.84783,4.415,0.50817,0.07964,117,2016
India,0.45091,0.25028,0.74036,0.29247,4.404,0.40285,0.08722,118,2016
Myanmar,0.3988,0.81971,0.34112,0.69981,4.395,0.42692,0.20243,119,2016
Egypt,0.52116,0.12706,0.95395,0.49813,4.362,0.18847,0.10393,120,2016
Armenia,0.64083,0.07793,0.86086,0.62477,4.36,0.14037,0.03616,121,2016
Kenya,0.30147,0.41328,0.52267,0.7624,4.356,0.40576,0.06686,122,2016
Ukraine,0.58628,0.20363,0.87287,1.01413,4.324,0.12859,0.01829,123,2016
Ghana,0.29681,0.21203,0.63107,0.49353,4.276,0.40973,0.0326,124,2016
Congo (Kinshasa),0.188,0.25458,0.05661,0.80676,4.272,0.15602,0.06075,125,2016
Georgia,0.64035,0.06786,0.83792,0.19249,4.252,0.32461,0.3188,126,2016
Congo (Brazzaville),0.28212,0.12077,0.77109,0.47799,4.236,0.37938,0.09753,127,2016
Senegal,0.40457,0.19103,0.44314,0.77416,4.219,0.31056,0.11681,128,2016
Bulgaria,0.67806,0.12793,1.11306,0.92542,4.217,0.21219,0.00615,129,2016
Mauritania,0.28639,0.22686,0.61391,0.84142,4.201,0.1268,0.17955,130,2016
Zimbabwe,0.1595,0.18503,0.35041,0.71478,4.193,0.25429,0.08582,131,2016
Malawi,0.29364,0.30968,0.08709,0.147,4.156,0.4143,0.07564,132,2016
Sudan,0.29759,0.18077,0.63069,0.81928,4.139,0.0,0.10039,133,2016
Gabon,0.3494,0.06244,1.15851,0.72368,4.121,0.28098,0.09314,134,2016
Mali,0.16347,0.21064,0.31292,0.86333,4.073,0.27544,0.13647,135,2016
Haiti,0.27494,0.47958,0.34097,0.29561,4.028,0.12072,0.14476,136,2016
Botswana,0.34752,0.12425,1.09426,0.89186,3.974,0.44089,0.10769,137,2016
Comoros,0.29981,0.1827,0.27509,0.60323,3.956,0.15412,0.18437,138,2016
Ivory Coast,0.04476,0.20338,0.55507,0.57576,3.916,0.40663,0.1553,139,2016
Cambodia,0.42494,0.40339,0.55604,0.5375,3.907,0.58852,0.08092,140,2016
Angola,0.04991,0.12071,0.84731,0.66366,3.866,0.00589,0.08434,141,2016
Niger,0.26162,0.2097,0.1327,0.6053,3.856,0.38041,0.17176,142,2016
South Sudan,0.15781,0.25899,0.39394,0.18519,3.832,0.19662,0.13015,143,2016
Chad,0.03824,0.18667,0.42214,0.63178,3.763,0.12807,0.04952,144,2016
Burkina Faso,0.21297,0.24353,0.31995,0.63054,3.739,0.3337,0.12533,145,2016
Uganda,0.19625,0.27102,0.34719,0.90981,3.739,0.43653,0.06442,145,2016
Yemen,0.31048,0.09821,0.57939,0.47493,3.724,0.2287,0.05892,147,2016
Madagascar,0.37109,0.2204,0.27954,0.46115,3.695,0.13684,0.07506,148,2016
Tanzania,0.357,0.31472,0.47155,0.77623,3.666,0.3176,0.05099,149,2016
Liberia,0.23165,0.24063,0.10706,0.50353,3.622,0.25748,0.04852,150,2016
Guinea,0.18829,0.29914,0.22415,0.3109,3.607,0.30953,0.1192,151,2016
Rwanda,0.31865,0.23552,0.32846,0.61586,3.515,0.5432,0.50521,152,2016
Benin,0.21028,0.2018,0.39499,0.10419,3.484,0.39747,0.06681,153,2016
Afghanistan,0.17344,0.31268,0.38227,0.11037,3.36,0.1643,0.07112,154,2016
Togo,0.24811,0.17517,0.28123,0.0,3.303,0.34678,0.11587,155,2016
Syria,0.62994,0.48397,0.74719,0.14866,3.069,0.06912,0.17233,156,2016
Burundi,0.15747,0.2029,0.06831,0.23442,2.905,0.0432,0.09419,157,2016
Norway,0.796666502952576,0.36201223731041,1.61646318435669,1.53352355957031,7.53700017929077,0.635422587394714,0.315963834524155,1,2017
Denmark,0.792565524578094,0.355280488729477,1.48238301277161,1.55112159252167,7.52199983596802,0.626006722450256,0.40077006816864,2,2017
Iceland,0.833552122116089,0.475540220737457,1.480633020401,1.6105740070343,7.50400018692017,0.627162635326385,0.153526559472084,3,2017
Switzerland,0.858131289482117,0.290549278259277,1.56497955322266,1.51691174507141,7.49399995803833,0.620070576667786,0.367007285356522,4,2017
Finland,0.80915766954422,0.24548277258873,1.44357192516327,1.5402467250824,7.4689998626709,0.617950856685638,0.38261154294014,5,2017
Netherlands,0.810696125030518,0.470489829778671,1.50394463539124,1.42893922328949,7.3769998550415,0.585384488105774,0.282661825418472,6,2017
Canada,0.83455765247345,0.435539722442627,1.47920441627502,1.48134899139404,7.31599998474121,0.611100912094116,0.287371516227722,7,2017
New Zealand,0.816759705543518,0.500005125999451,1.40570604801178,1.54819512367249,7.31400012969971,0.614062130451202,0.382816702127457,8,2017
Sweden,0.830875158309937,0.385399252176285,1.49438726902008,1.47816216945648,7.28399991989136,0.612924098968506,0.384398728609085,9,2017
Australia,0.84388679265976,0.477699249982834,1.484414935112,1.51004195213318,7.28399991989136,0.601607382297516,0.301183730363846,10,2017
Israel,0.83840399980545,0.330082654953003,1.37538242340088,1.37628996372223,7.21299982070923,0.405988603830338,0.0852421000599861,11,2017
Costa Rica,0.759509265422821,0.214613229036331,1.10970628261566,1.41640365123749,7.0789999961853,0.580131649971008,0.100106589496136,12,2017
Austria,0.815328419208527,0.316472321748734,1.48709726333618,1.4599449634552,7.00600004196167,0.567766189575195,0.221060365438461,13,2017
United States,0.77428662776947,0.392578780651093,1.54625928401947,1.41992056369781,6.99300003051758,0.505740523338318,0.135638788342476,14,2017
Ireland,0.80978262424469,0.42785832285881,1.53570663928986,1.55823111534119,6.97700023651123,0.573110342025757,0.29838815331459,15,2017
Germany,0.798950731754303,0.336269170045853,1.48792338371277,1.47252035140991,6.95100021362305,0.562511384487152,0.276731938123703,16,2017
Belgium,0.818091869354248,0.231503337621689,1.46378076076508,1.46231269836426,6.89099979400635,0.539770722389221,0.251343131065369,17,2017
Luxembourg,0.845089495182037,0.283180981874466,1.74194359779358,1.45758366584778,6.86299991607666,0.59662789106369,0.31883442401886,18,2017
United Kingdom,0.805335938930511,0.492774158716202,1.44163393974304,1.49646008014679,6.71400022506714,0.508190035820007,0.265428066253662,19,2017
Chile,0.819479703903198,0.326662421226501,1.25278460979462,1.28402495384216,6.65199995040894,0.376895278692245,0.0822879821062088,20,2017
United Arab Emirates,0.726798236370087,0.3609419465065,1.62634336948395,1.26641023159027,6.64799976348877,0.60834527015686,0.324489563703537,21,2017
Brazil,0.616552352905273,0.16234989464283,1.10735321044922,1.43130600452423,6.63500022888184,0.437453746795654,0.111092761158943,22,2017
Czech Republic,0.754444003105164,0.0881067588925362,1.35268235206604,1.43388521671295,6.60900020599365,0.490946173667908,0.0368729270994663,23,2017
Argentina,0.695137083530426,0.109457060694695,1.18529546260834,1.44045114517212,6.59899997711182,0.494519203901291,0.059739887714386,24,2017
Mexico,0.709978997707367,0.120990432798862,1.15318381786346,1.210862159729,6.57800006866455,0.412730008363724,0.132774114608765,25,2017
Singapore,0.949492394924164,0.345965981483459,1.69227766990662,1.35381436347961,6.57200002670288,0.549840569496155,0.46430778503418,26,2017
Malta,0.821944236755371,0.574730575084686,1.34327983856201,1.48841166496277,6.52699995040894,0.588767051696777,0.153066068887711,27,2017
Uruguay,0.719216823577881,0.175096929073334,1.21755969524384,1.41222786903381,6.4539999961853,0.57939225435257,0.178061872720718,28,2017
Guatemala,0.540239989757538,0.283488392829895,0.872001945972443,1.25558519363403,6.4539999961853,0.531310617923737,0.0772232785820961,29,2017
Panama,0.706156134605408,0.21055693924427,1.23374843597412,1.37319254875183,6.4520001411438,0.550026834011078,0.070983923971653,30,2017
France,0.844465851783752,0.129762306809425,1.43092346191406,1.38777685165405,6.44199991226196,0.470222115516663,0.172502428293228,31,2017
Thailand,0.647239029407501,0.572123110294342,1.12786877155304,1.42579245567322,6.42399978637695,0.580200731754303,0.0316127352416515,32,2017
Taiwan Province of China,0.793984234333038,0.258360475301743,1.43362653255463,1.38456535339355,6.42199993133545,0.361466586589813,0.0638292357325554,33,2017
Spain,0.888960599899292,0.190133571624756,1.38439786434174,1.53209090232849,6.40299987792969,0.408781230449677,0.0709140971302986,34,2017
Qatar,0.710098087787628,0.330473870038986,1.87076568603516,1.27429687976837,6.375,0.604130983352661,0.439299255609512,35,2017
Colombia,0.595027923583984,0.149014472961426,1.07062232494354,1.4021829366684,6.35699987411499,0.477487415075302,0.0466687418520451,36,2017
Saudi Arabia,0.590148329734802,0.147616013884544,1.53062355518341,1.28667759895325,6.3439998626709,0.449750572443008,0.27343225479126,37,2017
Trinidad and Tobago,0.519983291625977,0.325296461582184,1.36135590076447,1.3802285194397,6.16800022125244,0.518630743026733,0.0089648161083459,38,2017
Kuwait,0.632105708122253,0.228289797902107,1.63295245170593,1.25969874858856,6.10500001907349,0.496337592601776,0.215159550309181,39,2017
Slovakia,0.712732911109924,0.136544480919838,1.32539355754852,1.50505924224854,6.09800004959106,0.295817464590073,0.0242108516395092,40,2017
Bahrain,0.653133034706116,0.172668486833572,1.48841226100922,1.32311046123505,6.08699989318848,0.536746919155121,0.257042169570923,41,2017
Malaysia,0.618784427642822,0.416608929634094,1.29121541976929,1.28464603424072,6.08400011062622,0.402264982461929,0.0656007081270218,42,2017
Nicaragua,0.653095960617065,0.301674216985703,0.737299203872681,1.28721570968628,6.07100009918213,0.447551846504211,0.130687981843948,43,2017
Ecuador,0.685636222362518,0.150112465023994,1.00082039833069,1.28616881370544,6.00799989700317,0.4551981985569,0.140134647488594,44,2017
El Salvador,0.596018552780151,0.0782579854130745,0.909784495830536,1.18212509155273,6.00299978256226,0.432452529668808,0.0899809598922729,45,2017
Poland,0.699475347995758,0.158465966582298,1.29178786277771,1.44571197032928,5.97300004959106,0.520342111587524,0.0593078061938286,46,2017
Uzbekistan,0.498272627592087,0.415983647108078,0.786441087722778,1.54896914958954,5.97100019454956,0.658248662948608,0.246528223156929,47,2017
Italy,0.853144347667694,0.17278964817524,1.39506661891937,1.44492328166962,5.96400022506714,0.256450712680817,0.0280280914157629,48,2017
Russia,0.547349333763123,0.0522638224065304,1.28177809715271,1.46928238868713,5.96299982070923,0.373783111572266,0.0329628810286522,49,2017
Belize,0.450191766023636,0.240015640854836,0.907975316047668,1.08141779899597,5.95599985122681,0.547509372234344,0.0965810716152191,50,2017
Japan,0.913475871086121,0.12057276815176,1.41691517829895,1.43633782863617,5.92000007629395,0.505625545978546,0.163760736584663,51,2017
Lithuania,0.62894994020462,0.010164656676352,1.31458234786987,1.47351610660553,5.90199995040894,0.234231784939766,0.0118656428530812,52,2017
Algeria,0.617584645748138,0.0694366469979286,1.09186446666718,1.1462174654007,5.87200021743774,0.233335807919502,0.146096110343933,53,2017
Latvia,0.638566970825195,0.153074786067009,1.26074862480164,1.40471494197845,5.84999990463257,0.325707912445068,0.0738427266478539,54,2017
South Korea,0.900214076042175,0.206674367189407,1.40167844295502,1.12827444076538,5.83799982070923,0.257921665906906,0.0632826685905457,55,2017
Moldova,0.589465200901031,0.208779126405716,0.728870630264282,1.25182557106018,5.83799982070923,0.240729048848152,0.0100912861526012,56,2017
Romania,0.685158312320709,0.133519917726517,1.21768391132355,1.15009129047394,5.82499980926514,0.457003742456436,0.00438790069893,57,2017
Bolivia,0.473630249500275,0.22556072473526,0.833756566047668,1.22761905193329,5.82299995422363,0.558732926845551,0.0604777261614799,58,2017
Turkmenistan,0.437726080417633,0.24992498755455,1.13077676296234,1.49314916133881,5.82200002670288,0.41827192902565,0.259270340204239,59,2017
Kazakhstan,0.606041550636292,0.201964423060417,1.28455626964569,1.38436901569366,5.81899976730347,0.437454283237457,0.119282886385918,60,2017
North Cyprus,0.834647238254547,0.266845703125,1.3469113111496,1.18630337715149,5.80999994277954,0.471203625202179,0.155353352427483,61,2017
Slovenia,0.790828227996826,0.242649093270302,1.3412059545517,1.45251882076263,5.75799989700317,0.572575807571411,0.0451289787888527,62,2017
Peru,0.630166113376617,0.126819714903831,1.03522527217865,1.21877038478851,5.71500015258789,0.450002878904343,0.0470490865409374,63,2017
Mauritius,0.638007462024689,0.360933750867844,1.18939554691315,1.20956099033356,5.62900018692017,0.491247326135635,0.0421815551817417,64,2017
Cyprus,0.84471470117569,0.271254301071167,1.35593807697296,1.13136327266693,5.62099981307983,0.355111539363861,0.0412379764020443,65,2017
Estonia,0.695168316364288,0.0988908112049103,1.32087934017181,1.47667109966278,5.61100006103516,0.479131430387497,0.183248922228813,66,2017
Belarus,0.637714266777039,0.15513750910759,1.15655755996704,1.44494521617889,5.56899976730347,0.295400261878967,0.156313821673393,67,2017
Libya,0.520169019699097,0.152073666453362,1.10180306434631,1.35756433010101,5.52500009536743,0.465733230113983,0.0926102101802826,68,2017
Turkey,0.637605607509613,0.0466930419206619,1.19827437400818,1.33775317668915,5.5,0.300740599632263,0.0996715798974037,69,2017
Paraguay,0.579250693321228,0.224150657653809,0.932537317276001,1.50728487968445,5.49300003051758,0.473507791757584,0.091065913438797,70,2017
"Hong Kong S.A.R., China",0.943062424659729,0.374465793371201,1.55167484283447,1.26279091835022,5.47200012207031,0.490968644618988,0.293933749198914,71,2017
Philippines,0.468009054660797,0.193513423204422,0.85769921541214,1.25391757488251,5.42999982833862,0.585214674472809,0.0993318930268288,72,2017
Serbia,0.65078467130661,0.220125883817673,1.06931757926941,1.25818979740143,5.39499998092651,0.208715528249741,0.0409037806093693,73,2017
Jordan,0.604590058326721,0.172170460224152,0.991012394428253,1.23908889293671,5.33599996566772,0.418421149253845,0.11980327218771,74,2017
Hungary,0.687763452529907,0.0784016624093056,1.2860119342804,1.34313309192657,5.32399988174438,0.175863519310951,0.0366369374096394,75,2017
Jamaica,0.641022384166718,0.233818337321281,0.925579309463501,1.36821806430817,5.31099987030029,0.474307239055634,0.0552677810192108,76,2017
Croatia,0.701288521289825,0.248002976179123,1.22255623340607,0.96798300743103,5.29300022125244,0.255772292613983,0.0431031100451946,77,2017
Kosovo,0.541452050209045,0.319931447505951,0.951484382152557,1.13785350322723,5.27899980545044,0.260287940502167,0.0574716180562973,78,2017
China,0.741415500640869,0.0288068410009146,1.08116579055786,1.16083741188049,5.27299976348877,0.472787708044052,0.0227942746132612,79,2017
Pakistan,0.402047783136368,0.315446019172668,0.72688353061676,0.672690689563751,5.26900005340576,0.23521526157856,0.124348066747189,80,2017
Indonesia,0.492345720529556,0.611704587936401,0.995538592338562,1.27444469928741,5.26200008392334,0.443323463201523,0.0153171354904771,81,2017
Venezuela,0.617144227027893,0.0650196298956871,1.12843120098114,1.43133759498596,5.25,0.153997123241425,0.0644911229610443,82,2017
Montenegro,0.667464673519135,0.197911024093628,1.12112903594971,1.23837649822235,5.23699998855591,0.194989055395126,0.0881741940975189,83,2017
Morocco,0.59771066904068,0.0322099551558495,0.878114581108093,0.774864435195923,5.2350001335144,0.408158332109451,0.0877631828188896,84,2017
Azerbaijan,0.540775775909424,0.0452693402767181,1.15360176563263,1.15240025520325,5.23400020599365,0.398155838251114,0.180987507104874,85,2017
Dominican Republic,0.574873745441437,0.186967849731445,1.07937383651733,1.40241670608521,5.23000001907349,0.55258983373642,0.113945253193378,86,2017
Greece,0.810198903083801,0.0,1.28948748111725,1.23941457271576,5.22700023651123,0.0957312509417534,0.04328977689147,87,2017
Lebanon,0.735081076622009,0.264450758695602,1.07498753070831,1.12962424755096,5.22499990463257,0.288515985012054,0.037513829767704,88,2017
Portugal,0.795843541622162,0.0951027125120163,1.3151752948761,1.36704301834106,5.19500017166138,0.498465299606323,0.0158694516867399,89,2017
Bosnia and Herzegovina,0.705186307430267,0.328867495059967,0.982409417629242,1.0693359375,5.18200016021729,0.204403176903725,0.0,90,2017
Honduras,0.582569479942322,0.236188873648643,0.730573117733002,1.14394497871399,5.18100023269653,0.348079860210419,0.0733454525470734,91,2017
Macedonia,0.644948184490204,0.25376096367836,1.06457793712616,1.20789301395416,5.17500019073486,0.325905978679657,0.0602777935564518,92,2017
Somalia,0.113989137113094,0.291631311178207,0.0226431842893362,0.721151351928711,5.15100002288818,0.602126955986023,0.282410323619843,93,2017
Vietnam,0.652168989181519,0.234968051314354,0.788547575473785,1.27749133110046,5.07399988174438,0.571055591106415,0.0876332372426987,94,2017
Nigeria,0.0569157302379608,0.230947196483612,0.783756256103516,1.21577048301697,5.07399988174438,0.394952565431595,0.0261215660721064,95,2017
Tajikistan,0.529235124588013,0.248997643589973,0.524713635444641,1.27146327495575,5.04099988937378,0.471566706895828,0.146377146244049,96,2017
Bhutan,0.495879292488098,0.474054545164108,0.885416388511658,1.34012651443481,5.01100015640259,0.501537680625916,0.173380389809608,97,2017
Kyrgyzstan,0.553457796573639,0.42858037352562,0.596220076084137,1.39423859119415,5.00400018692017,0.454943388700485,0.0394391790032387,98,2017
Nepal,0.504130780696869,0.394096165895462,0.479820191860199,1.17928326129913,4.96199989318848,0.440305948257446,0.0729755461215973,99,2017
Mongolia,0.557783484458923,0.338464230298996,1.02723586559296,1.4930112361908,4.95499992370605,0.394143968820572,0.0329022891819477,100,2017
South Africa,0.187080070376396,0.139362379908562,1.05469870567322,1.38478863239288,4.8289999961853,0.479246735572815,0.0725094974040985,101,2017
Tunisia,0.613212049007416,0.0496933571994305,1.00726580619812,0.868351459503174,4.80499982833862,0.289680689573288,0.0867231488227844,102,2017
Palestinian Territories,0.565666973590851,0.114173173904419,0.716249227523804,1.15564715862274,4.77500009536743,0.25471106171608,0.0892826020717621,103,2017
Egypt,0.520187258720398,0.128631442785263,0.989701807498932,0.997471392154694,4.7350001335144,0.282110154628754,0.114381365478039,104,2017
Bulgaria,0.708217680454254,0.113177694380283,1.1614590883255,1.43437945842743,4.71400022506714,0.289231717586517,0.0110515309497714,105,2017
Sierra Leone,0.0055647538974881,0.293040901422501,0.36842092871666,0.984136044979095,4.70900011062622,0.318697690963745,0.0710951760411263,106,2017
Cameroon,0.132892116904259,0.236298456788063,0.564305365085602,0.946018218994141,4.69500017166138,0.430388748645782,0.0513066314160824,107,2017
Iran,0.639333188533783,0.387242913246155,1.15687310695648,0.711551249027252,4.69199991226196,0.249322608113289,0.048761073499918,108,2017
Albania,0.731159746646881,0.201312944293022,0.996192753314972,0.803685247898102,4.64400005340576,0.381498634815216,0.0398642159998417,109,2017
Bangladesh,0.533241033554077,0.172255352139473,0.586682975292206,0.735131740570068,4.60799980163574,0.478356659412384,0.123717859387398,110,2017
Namibia,0.33861181139946,0.0771337449550629,0.964434325695038,1.0984708070755,4.57399988174438,0.520303547382355,0.0931469723582268,111,2017
Kenya,0.309988349676132,0.444860309362411,0.560479462146759,1.06795072555542,4.55299997329712,0.452763766050339,0.0646413192152977,112,2017
Mozambique,0.106654435396194,0.322228103876114,0.234305649995804,0.870701014995575,4.55000019073486,0.480791091918945,0.179436385631561,113,2017
Myanmar,0.397522568702698,0.838075160980225,0.367110550403595,1.12323594093323,4.54500007629395,0.514492034912109,0.188816204667091,114,2017
Senegal,0.409362852573395,0.183468893170357,0.479309022426605,1.17969191074371,4.53499984741211,0.377922266721725,0.115460447967052,115,2017
Zambia,0.257835894823074,0.249580144882202,0.636406779289246,1.00318729877472,4.51399993896484,0.461603492498398,0.0782135501503944,116,2017
Iraq,0.501180469989777,0.19963726401329,1.10271048545837,0.978613197803497,4.49700021743774,0.288555532693863,0.107215754687786,117,2017
Gabon,0.356578588485718,0.0437853783369064,1.1982102394104,1.1556202173233,4.46500015258789,0.312328577041626,0.0760467872023582,118,2017
Ethiopia,0.353409707546234,0.312650740146637,0.339233845472336,0.86466920375824,4.46000003814697,0.408842742443085,0.165455713868141,119,2017
Sri Lanka,0.625130832195282,0.490863561630249,1.00985014438629,1.25997638702393,4.44000005722046,0.561213254928589,0.0736539661884308,120,2017
Armenia,0.637524425983429,0.0834880918264389,0.900596737861633,1.00748372077942,4.37599992752075,0.198303267359734,0.0266744215041399,121,2017
India,0.455427616834641,0.231538489460945,0.792221248149872,0.754372596740723,4.31500005722046,0.469987004995346,0.0922268852591515,122,2017
Mauritania,0.285349279642105,0.201870024204254,0.648457288742065,1.2720308303833,4.29199981689453,0.0960980430245399,0.136957004666328,123,2017
Congo (Brazzaville),0.28995743393898,0.120852127671242,0.808964252471924,0.832044363021851,4.29099988937378,0.435025870800018,0.0796181336045265,124,2017
Georgia,0.649546980857849,0.0540088154375553,0.950612664222717,0.57061493396759,4.28599977493286,0.309410035610199,0.251666635274887,125,2017
Congo (Kinshasa),0.191407024860382,0.246455833315849,0.0921023488044739,1.22902345657349,4.28000020980835,0.235961347818375,0.0602413564920425,126,2017
Mali,0.169365674257278,0.183354198932648,0.476180493831635,1.28147339820862,4.19000005722046,0.306613743305206,0.104970246553421,127,2017
Ivory Coast,0.0486421696841717,0.201237469911575,0.603048920631409,0.904780030250549,4.17999982833862,0.447706192731857,0.130061775445938,128,2017
Cambodia,0.429783403873444,0.385922968387604,0.601765096187592,1.00623834133148,4.16800022125244,0.633375823497772,0.0681059509515762,129,2017
Sudan,0.290920823812485,0.182317450642586,0.65951669216156,1.21400856971741,4.13899993896484,0.0149958552792668,0.089847519993782,130,2017
Ghana,0.295637726783752,0.256923943758011,0.667224824428558,0.873664736747742,4.11999988555908,0.423026293516159,0.0253363698720932,131,2017
Ukraine,0.575903952121735,0.270061463117599,0.89465194940567,1.39453756809235,4.09600019454956,0.122974775731564,0.0230294708162546,132,2017
Uganda,0.217632606625557,0.325766056776047,0.381430715322495,1.12982773780823,4.08099985122681,0.443185955286026,0.057069718837738,133,2017
Burkina Faso,0.215844258666039,0.250864684581757,0.3502277135849,1.04328000545502,4.03200006484985,0.324367851018906,0.120328105986118,134,2017
Niger,0.26850500702858,0.228673845529556,0.161925330758095,0.993025004863739,4.02799987792969,0.36365869641304,0.138572946190834,135,2017
Malawi,0.315089583396912,0.287170469760895,0.233442038297653,0.512568831443787,3.97000002861023,0.466914653778076,0.0727116540074348,136,2017
Chad,0.0411347150802612,0.216113850474358,0.438012987375259,0.953855872154236,3.93600010871887,0.16234202682972,0.0535818822681904,137,2017
Zimbabwe,0.196763753890991,0.189143493771553,0.375846534967422,1.08309590816498,3.875,0.336384207010269,0.0953753814101219,138,2017
Lesotho,0.0,0.157497271895409,0.521021246910095,1.19009518623352,3.80800008773804,0.390661299228668,0.119094640016556,139,2017
Angola,0.0498686656355858,0.097926490008831,0.858428180217743,1.10441195964813,3.79500007629395,0.0,0.0697203353047371,140,2017
Afghanistan,0.180746778845787,0.311870932579041,0.401477217674255,0.581543326377869,3.79399991035461,0.106179520487785,0.0611578300595284,141,2017
Botswana,0.341755509376526,0.0993484482169151,1.12209415435791,1.22155499458313,3.76600003242493,0.505196332931519,0.0985831990838051,142,2017
Benin,0.209930211305618,0.207948461174965,0.431085407733917,0.435299843549728,3.65700006484985,0.425962775945663,0.0609290152788162,143,2017
Madagascar,0.375223308801651,0.208732530474663,0.305808693170547,0.913020372390747,3.64400005340576,0.189196765422821,0.0672319754958153,144,2017
Haiti,0.277321130037308,0.489203780889511,0.368610262870789,0.640449821949005,3.6029999256134,0.0303698573261499,0.0998721495270729,145,2017
Yemen,0.310080915689468,0.104125209152699,0.591683447360992,0.93538224697113,3.59299993515015,0.249463722109795,0.0567674227058887,146,2017
South Sudan,0.163486003875732,0.285670816898346,0.39724862575531,0.601323127746582,3.59100008010864,0.147062435746193,0.116793513298035,147,2017
Liberia,0.229918196797371,0.26654988527298,0.119041793048382,0.872117936611176,3.53299999237061,0.332881182432175,0.0389482490718365,148,2017
Guinea,0.194129139184952,0.264815092086792,0.244549930095673,0.791244685649872,3.50699996948242,0.348587512969971,0.110937617719173,149,2017
Togo,0.247105568647385,0.196896150708199,0.305444717407227,0.431882530450821,3.49499988555908,0.38042613863945,0.0956650152802467,150,2017
Rwanda,0.326424807310104,0.252756029367447,0.368745893239975,0.945707023143768,3.47099995613098,0.581843852996826,0.455220013856888,151,2017
Syria,0.50053334236145,0.493663728237152,0.777153134346008,0.396102607250214,3.46199989318848,0.0815394446253777,0.151347130537033,152,2017
Tanzania,0.364509284496307,0.354256361722946,0.511135876178741,1.04198980331421,3.34899997711182,0.390017777681351,0.0660351067781448,153,2017
Burundi,0.151610791683197,0.204435184597969,0.091622568666935,0.629793584346771,2.90499997138977,0.0599007532000542,0.0841479450464249,154,2017
Central African Republic,0.0187726859003305,0.280876487493515,0.0,0.0,2.69300007820129,0.270842045545578,0.0565650761127472,155,2017
Finland,0.874,0.202,1.305,1.592,7.632,0.681,0.393,1,2018
Norway,0.861,0.286,1.456,1.582,7.594,0.686,0.34,2,2018
Denmark,0.868,0.284,1.351,1.59,7.555,0.683,0.408,3,2018
Iceland,0.914,0.353,1.343,1.644,7.495,0.677,0.138,4,2018
Switzerland,0.927,0.256,1.42,1.549,7.487,0.66,0.357,5,2018
Netherlands,0.878,0.333,1.361,1.488,7.441,0.638,0.295,6,2018
Canada,0.896,0.321,1.33,1.532,7.328,0.653,0.291,7,2018
New Zealand,0.876,0.365,1.268,1.601,7.324,0.669,0.389,8,2018
Sweden,0.913,0.285,1.355,1.501,7.314,0.659,0.383,9,2018
Australia,0.91,0.361,1.34,1.573,7.272,0.647,0.302,10,2018
United Kingdom,0.888,0.262,1.244,1.433,7.19,0.464,0.082,11,2018
Austria,0.891,0.242,1.341,1.504,7.139,0.617,0.224,12,2018
Costa Rica,0.817,0.143,1.01,1.459,7.072,0.632,0.101,13,2018
Ireland,0.876,0.307,1.448,1.583,6.977,0.614,0.306,14,2018
Germany,0.861,0.273,1.34,1.474,6.965,0.586,0.28,15,2018
Belgium,0.894,0.188,1.324,1.483,6.927,0.583,0.24,16,2018
Luxembourg,0.896,0.196,1.576,1.52,6.91,0.632,0.321,17,2018
United States,0.819,0.291,1.398,1.471,6.886,0.547,0.133,18,2018
Israel,0.883,0.354,1.301,1.559,6.814,0.533,0.272,19,2018
United Arab Emirates,0.67,0.186,2.096,0.776,6.774,0.284,,20,2018
Czech Republic,0.854,0.064,1.233,1.489,6.711,0.543,0.034,21,2018
Malta,0.884,0.376,1.27,1.525,6.627,0.645,0.142,22,2018
France,0.908,0.098,1.293,1.466,6.489,0.52,0.176,23,2018
Mexico,0.761,0.069,1.038,1.252,6.488,0.479,0.095,24,2018
Chile,0.808,0.197,1.131,1.331,6.476,0.431,0.061,25,2018
Taiwan,0.857,0.151,1.365,1.436,6.441,0.418,0.078,26,2018
Panama,0.759,0.125,1.112,1.438,6.43,0.597,0.063,27,2018
Brazil,0.675,0.11,0.986,1.474,6.419,0.493,0.088,28,2018
Argentina,0.744,0.062,1.073,1.468,6.388,0.57,0.054,29,2018
Guatemala,0.608,0.179,0.781,1.268,6.382,0.604,0.071,30,2018
Uruguay,0.771,0.13,1.093,1.459,6.379,0.625,0.155,31,2018
Qatar,0.748,0.256,1.649,1.303,6.374,0.654,0.171,32,2018
Saudi Arabia,0.633,0.098,1.379,1.331,6.371,0.509,0.127,33,2018
Singapore,1.008,0.261,1.529,1.451,6.343,0.631,0.457,34,2018
Malaysia,0.669,0.311,1.161,1.258,6.322,0.356,0.059,35,2018
Spain,0.965,0.142,1.251,1.538,6.31,0.449,0.074,36,2018
Colombia,0.635,0.099,0.96,1.439,6.26,0.531,0.039,37,2018
Trinidad & Tobago,0.564,0.171,1.223,1.492,6.192,0.575,0.019,38,2018
Slovakia,0.776,0.118,1.21,1.537,6.173,0.354,0.014,39,2018
El Salvador,0.639,0.065,0.806,1.231,6.167,0.461,0.082,40,2018
Nicaragua,0.7,0.208,0.668,1.319,6.141,0.527,0.128,41,2018
Poland,0.781,0.108,1.176,1.448,6.123,0.546,0.064,42,2018
Bahrain,0.698,0.243,1.338,1.366,6.105,0.594,0.123,43,2018
Uzbekistan,0.605,0.328,0.719,1.584,6.096,0.724,0.259,44,2018
Kuwait,0.675,0.167,1.474,1.301,6.083,0.554,0.106,45,2018
Thailand,0.707,0.364,1.016,1.417,6.072,0.637,0.029,46,2018
Italy,0.946,0.137,1.264,1.501,6.0,0.281,0.028,47,2018
Ecuador,0.736,0.114,0.889,1.33,5.973,0.556,0.12,48,2018
Belize,0.474,0.183,0.807,1.101,5.956,0.593,0.089,49,2018
Lithuania,0.716,0.026,1.197,1.527,5.952,0.35,0.006,50,2018
Slovenia,0.856,0.16,1.219,1.506,5.948,0.633,0.051,51,2018
Romania,0.726,0.088,1.116,1.219,5.945,0.528,0.001,52,2018
Latvia,0.671,0.092,1.148,1.454,5.933,0.363,0.066,53,2018
Japan,0.988,0.079,1.294,1.462,5.915,0.553,0.15,54,2018
Mauritius,0.684,0.245,1.09,1.387,5.891,0.584,0.05,55,2018
Jamaica,0.693,0.096,0.819,1.493,5.89,0.575,0.031,56,2018
South Korea,0.955,0.175,1.266,1.204,5.875,0.244,0.051,57,2018
Northern Cyprus,0.909,0.179,1.229,1.211,5.835,0.495,0.154,58,2018
Russia,0.599,0.065,1.151,1.479,5.81,0.399,0.025,59,2018
Kazakhstan,0.631,0.148,1.143,1.516,5.79,0.454,0.121,60,2018
Cyprus,0.909,0.202,1.229,1.191,5.762,0.423,0.035,61,2018
Bolivia,0.508,0.141,0.751,1.223,5.752,0.606,0.054,62,2018
Estonia,0.737,0.086,1.2,1.532,5.739,0.553,0.174,63,2018
Paraguay,0.615,0.162,0.835,1.522,5.681,0.541,0.074,64,2018
Peru,0.674,0.092,0.934,1.249,5.663,0.53,0.034,65,2018
Kosovo,0.578,0.274,0.855,1.23,5.662,0.448,0.023,66,2018
Moldova,0.62,0.171,0.657,1.301,5.64,0.232,0.0,67,2018
Turkmenistan,0.517,0.199,1.016,1.533,5.636,0.417,0.037,68,2018
Hungary,0.732,0.061,1.171,1.401,5.62,0.259,0.022,69,2018
Libya,0.553,0.116,0.985,1.35,5.566,0.496,0.148,70,2018
Philippines,0.513,0.12,0.775,1.312,5.524,0.643,0.105,71,2018
Honduras,0.622,0.197,0.62,1.205,5.504,0.459,0.074,72,2018
Belarus,0.7,0.101,1.039,1.498,5.483,0.307,0.154,73,2018
Turkey,0.686,0.106,1.148,1.38,5.483,0.324,0.109,74,2018
Pakistan,0.424,0.216,0.652,0.81,5.472,0.334,0.113,75,2018
Hong Kong,1.03,0.246,1.405,1.29,5.43,0.524,0.291,76,2018
Portugal,0.884,0.055,1.188,1.429,5.41,0.562,0.017,77,2018
Serbia,0.685,0.134,0.975,1.369,5.398,0.288,0.043,78,2018
Greece,0.879,0.0,1.154,1.202,5.358,0.131,0.044,79,2018
Lebanon,0.785,0.214,0.965,1.179,5.358,0.503,0.136,80,2018
Montenegro,0.729,0.111,1.017,1.279,5.347,0.259,0.081,81,2018
Croatia,0.737,0.12,1.115,1.161,5.321,0.38,0.039,82,2018
Dominican Republic,0.614,0.12,0.982,1.441,5.302,0.578,0.106,83,2018
Algeria,0.687,0.055,0.979,1.154,5.295,0.077,0.135,84,2018
Morocco,0.669,0.026,0.779,0.797,5.254,0.46,0.074,85,2018
China,0.799,0.029,0.989,1.142,5.246,0.597,0.103,86,2018
Azerbaijan,0.603,0.031,1.024,1.161,5.201,0.43,0.176,87,2018
Tajikistan,0.598,0.187,0.474,1.166,5.199,0.292,0.034,88,2018
Macedonia,0.691,0.173,0.959,1.239,5.185,0.394,0.052,89,2018
Jordan,0.645,0.13,0.822,1.265,5.161,0.468,0.134,90,2018
Nigeria,0.048,0.201,0.689,1.172,5.155,0.462,0.032,91,2018
Kyrgyzstan,0.594,0.281,0.53,1.416,5.131,0.54,0.035,92,2018
Bosnia and Herzegovina,0.758,0.216,0.915,1.078,5.129,0.28,0.0,93,2018
Mongolia,0.575,0.253,0.914,1.517,5.125,0.395,0.032,94,2018
Vietnam,0.702,0.177,0.715,1.365,5.103,0.618,0.079,95,2018
Indonesia,0.522,0.484,0.899,1.215,5.093,0.538,0.018,96,2018
Bhutan,0.527,0.364,0.796,1.335,5.082,0.541,0.171,97,2018
Somalia,0.115,0.238,0.0,0.712,4.982,0.674,0.282,98,2018
Cameroon,0.182,0.183,0.535,0.891,4.975,0.454,0.043,99,2018
Bulgaria,0.712,0.064,1.054,1.515,4.933,0.359,0.009,100,2018
Nepal,0.539,0.302,0.425,1.228,4.88,0.526,0.078,101,2018
Venezuela,0.657,0.056,0.996,1.469,4.806,0.133,0.052,102,2018
Gabon,0.404,0.032,1.036,1.164,4.758,0.356,0.052,103,2018
Palestinian Territories,0.602,0.086,0.642,1.217,4.743,0.266,0.076,104,2018
South Africa,0.33,0.103,0.94,1.41,4.724,0.516,0.056,105,2018
Iran,0.691,0.282,1.059,0.771,4.707,0.459,0.129,106,2018
Ivory Coast,0.08,0.146,0.541,0.872,4.671,0.467,0.103,107,2018
Ghana,0.337,0.212,0.592,0.896,4.657,0.499,0.029,108,2018
Senegal,0.433,0.138,0.429,1.117,4.631,0.406,0.082,109,2018
Laos,0.441,0.23,0.72,1.034,4.623,0.626,0.174,110,2018
Tunisia,0.69,0.04,0.9,0.906,4.592,0.271,0.063,111,2018
Albania,0.79,0.149,0.916,0.817,4.586,0.419,0.032,112,2018
Sierra Leone,0.0,0.238,0.256,0.813,4.571,0.355,0.053,113,2018
Congo (Brazzaville),0.343,0.091,0.682,0.811,4.559,0.514,0.077,114,2018
Bangladesh,0.579,0.153,0.532,0.85,4.5,0.58,0.144,115,2018
Sri Lanka,0.672,0.307,0.918,1.314,4.471,0.585,0.05,116,2018
Iraq,0.536,0.148,1.01,0.971,4.456,0.304,0.095,117,2018
Mali,0.152,0.139,0.37,1.233,4.447,0.367,0.056,118,2018
Namibia,0.365,0.051,0.874,1.281,4.441,0.519,0.064,119,2018
Cambodia,0.457,0.256,0.549,1.088,4.433,0.696,0.065,120,2018
Burkina Faso,0.254,0.175,0.314,1.097,4.424,0.312,0.128,121,2018
Egypt,0.553,0.092,0.885,1.025,4.419,0.312,0.107,122,2018
Mozambique,0.173,0.206,0.198,0.902,4.417,0.531,0.158,123,2018
Kenya,0.454,0.352,0.493,1.048,4.41,0.504,0.055,124,2018
Zambia,0.295,0.221,0.562,1.047,4.377,0.503,0.082,125,2018
Mauritania,0.292,0.134,0.557,1.245,4.356,0.129,0.093,126,2018
Ethiopia,0.391,0.22,0.308,0.95,4.35,0.452,0.146,127,2018
Georgia,0.643,0.038,0.853,0.592,4.34,0.375,0.215,128,2018
Armenia,0.666,0.077,0.816,0.99,4.321,0.26,0.028,129,2018
Myanmar,0.429,0.598,0.682,1.174,4.308,0.58,0.178,130,2018
Chad,0.053,0.181,0.358,0.907,4.301,0.189,0.06,131,2018
Congo (Kinshasa),0.204,0.197,0.069,1.136,4.245,0.312,0.052,132,2018
India,0.485,0.172,0.721,0.747,4.19,0.539,0.093,133,2018
Niger,0.221,0.175,0.131,0.867,4.166,0.39,0.099,134,2018
Uganda,0.237,0.259,0.322,1.09,4.161,0.45,0.061,135,2018
Benin,0.24,0.163,0.378,0.372,4.141,0.44,0.067,136,2018
Sudan,0.312,0.134,0.605,1.24,4.139,0.016,0.082,137,2018
Ukraine,0.609,0.187,0.793,1.413,4.103,0.163,0.011,138,2018
Togo,0.253,0.158,0.259,0.474,3.999,0.434,0.101,139,2018
Guinea,0.211,0.185,0.344,0.792,3.964,0.394,0.094,140,2018
Lesotho,0.079,0.116,0.472,1.215,3.808,0.423,0.112,141,2018
Angola,0.269,0.079,0.73,1.125,3.795,0.0,0.061,142,2018
Madagascar,0.402,0.155,0.262,0.908,3.774,0.221,0.049,143,2018
Zimbabwe,0.248,0.132,0.357,1.094,3.692,0.406,0.099,144,2018
Afghanistan,0.255,0.191,0.332,0.537,3.632,0.085,0.036,145,2018
Botswana,0.417,0.042,1.017,1.174,3.59,0.557,0.092,146,2018
Malawi,0.306,0.21,0.186,0.541,3.587,0.531,0.08,147,2018
Haiti,0.289,0.392,0.315,0.714,3.582,0.025,0.104,148,2018
Liberia,0.267,0.206,0.076,0.858,3.495,0.419,0.03,149,2018
Syria,0.539,0.376,0.689,0.382,3.462,0.088,0.144,150,2018
Rwanda,0.4,0.2,0.332,0.896,3.408,0.636,0.444,151,2018
Yemen,0.343,0.083,0.442,1.073,3.355,0.244,0.064,152,2018
Tanzania,0.381,0.27,0.455,0.991,3.303,0.481,0.097,153,2018
South Sudan,0.177,0.224,0.337,0.608,3.254,0.112,0.106,154,2018
Central African Republic,0.01,0.218,0.024,0.0,3.083,0.305,0.038,155,2018
Burundi,0.145,0.149,0.091,0.627,2.905,0.065,0.076,156,2018
Finland,0.986,0.153,1.34,1.587,7.769,0.596,0.393,1,2019
Denmark,0.996,0.252,1.383,1.573,7.6,0.592,0.41,2,2019
Norway,1.028,0.271,1.488,1.582,7.554,0.603,0.341,3,2019
Iceland,1.026,0.354,1.38,1.624,7.494,0.591,0.118,4,2019
Netherlands,0.999,0.322,1.396,1.522,7.488,0.557,0.298,5,2019
Switzerland,1.052,0.263,1.452,1.526,7.48,0.572,0.343,6,2019
Sweden,1.009,0.267,1.387,1.487,7.343,0.574,0.373,7,2019
New Zealand,1.026,0.33,1.303,1.557,7.307,0.585,0.38,8,2019
Canada,1.039,0.285,1.365,1.505,7.278,0.584,0.308,9,2019
Austria,1.016,0.244,1.376,1.475,7.246,0.532,0.226,10,2019
Australia,1.036,0.332,1.372,1.548,7.228,0.557,0.29,11,2019
Costa Rica,0.963,0.144,1.034,1.441,7.167,0.558,0.093,12,2019
Israel,1.029,0.261,1.276,1.455,7.139,0.371,0.082,13,2019
Luxembourg,1.012,0.194,1.609,1.479,7.09,0.526,0.316,14,2019
United Kingdom,0.996,0.348,1.333,1.538,7.054,0.45,0.278,15,2019
Ireland,0.999,0.298,1.499,1.553,7.021,0.516,0.31,16,2019
Germany,0.987,0.261,1.373,1.454,6.985,0.495,0.265,17,2019
Belgium,0.986,0.16,1.356,1.504,6.923,0.473,0.21,18,2019
United States,0.874,0.28,1.433,1.457,6.892,0.454,0.128,19,2019
Czech Republic,0.92,0.046,1.269,1.487,6.852,0.457,0.036,20,2019
United Arab Emirates,0.825,0.262,1.503,1.31,6.825,0.598,0.182,21,2019
Malta,0.999,0.375,1.3,1.52,6.726,0.564,0.151,22,2019
Mexico,0.861,0.074,1.07,1.323,6.595,0.433,0.073,23,2019
France,1.045,0.111,1.324,1.472,6.592,0.436,0.183,24,2019
Taiwan,0.914,0.242,1.368,1.43,6.446,0.351,0.097,25,2019
Chile,0.92,0.187,1.159,1.369,6.444,0.357,0.056,26,2019
Guatemala,0.746,0.175,0.8,1.269,6.436,0.535,0.078,27,2019
Saudi Arabia,0.795,0.08,1.403,1.357,6.375,0.439,0.132,28,2019
Qatar,0.871,0.22,1.684,1.313,6.374,0.555,0.167,29,2019
Spain,1.062,0.153,1.286,1.484,6.354,0.362,0.079,30,2019
Panama,0.91,0.109,1.149,1.442,6.321,0.516,0.054,31,2019
Brazil,0.802,0.099,1.004,1.439,6.3,0.39,0.086,32,2019
Uruguay,0.891,0.127,1.124,1.465,6.293,0.523,0.15,33,2019
Singapore,1.141,0.271,1.572,1.463,6.262,0.556,0.453,34,2019
El Salvador,0.789,0.093,0.794,1.242,6.253,0.43,0.074,35,2019
Italy,1.039,0.158,1.294,1.488,6.223,0.231,0.03,36,2019
Bahrain,0.871,0.255,1.362,1.368,6.199,0.536,0.11,37,2019
Slovakia,0.881,0.121,1.246,1.504,6.198,0.334,0.014,38,2019
Trinidad & Tobago,0.713,0.185,1.231,1.477,6.192,0.489,0.016,39,2019
Poland,0.884,0.117,1.206,1.438,6.182,0.483,0.05,40,2019
Uzbekistan,0.756,0.322,0.745,1.529,6.174,0.631,0.24,41,2019
Lithuania,0.818,0.043,1.238,1.515,6.149,0.291,0.042,42,2019
Colombia,0.841,0.099,0.985,1.41,6.125,0.47,0.034,43,2019
Slovenia,0.953,0.144,1.258,1.523,6.118,0.564,0.057,44,2019
Nicaragua,0.835,0.2,0.694,1.325,6.105,0.435,0.127,45,2019
Kosovo,0.758,0.262,0.882,1.232,6.1,0.489,0.006,46,2019
Argentina,0.881,0.066,1.092,1.432,6.086,0.471,0.05,47,2019
Romania,0.825,0.083,1.162,1.232,6.07,0.462,0.005,48,2019
Cyprus,1.042,0.19,1.263,1.223,6.046,0.406,0.041,49,2019
Ecuador,0.868,0.126,0.912,1.312,6.028,0.498,0.087,50,2019
Kuwait,0.808,0.142,1.5,1.319,6.021,0.493,0.097,51,2019
Thailand,0.828,0.359,1.05,1.409,6.008,0.557,0.028,52,2019
Latvia,0.812,0.075,1.187,1.465,5.94,0.264,0.064,53,2019
South Korea,1.036,0.175,1.301,1.219,5.895,0.159,0.056,54,2019
Estonia,0.874,0.103,1.237,1.528,5.893,0.495,0.161,55,2019
Jamaica,0.831,0.107,0.831,1.478,5.89,0.49,0.028,56,2019
Mauritius,0.798,0.215,1.12,1.402,5.888,0.498,0.06,57,2019
Japan,1.088,0.069,1.327,1.419,5.886,0.445,0.14,58,2019
Honduras,0.828,0.246,0.642,1.236,5.86,0.507,0.078,59,2019
Kazakhstan,0.729,0.146,1.173,1.508,5.809,0.41,0.096,60,2019
Bolivia,0.706,0.137,0.776,1.209,5.779,0.511,0.064,61,2019
Hungary,0.828,0.081,1.201,1.41,5.758,0.199,0.02,62,2019
Paraguay,0.777,0.184,0.855,1.475,5.743,0.514,0.08,63,2019
Northern Cyprus,1.042,0.191,1.263,1.252,5.718,0.417,0.162,64,2019
Peru,0.854,0.083,0.96,1.274,5.697,0.455,0.027,65,2019
Portugal,0.999,0.047,1.221,1.431,5.693,0.508,0.025,66,2019
Pakistan,0.535,0.22,0.677,0.886,5.653,0.313,0.098,67,2019
Russia,0.726,0.082,1.183,1.452,5.648,0.334,0.031,68,2019
Philippines,0.657,0.117,0.807,1.293,5.631,0.558,0.107,69,2019
Serbia,0.854,0.137,1.004,1.383,5.603,0.282,0.039,70,2019
Moldova,0.739,0.181,0.685,1.328,5.529,0.245,0.0,71,2019
Libya,0.673,0.133,1.044,1.303,5.525,0.416,0.152,72,2019
Montenegro,0.871,0.142,1.051,1.361,5.523,0.197,0.08,73,2019
Tajikistan,0.718,0.23,0.493,1.098,5.467,0.389,0.144,74,2019
Croatia,0.914,0.119,1.155,1.266,5.432,0.296,0.022,75,2019
Hong Kong,1.122,0.258,1.438,1.277,5.43,0.44,0.287,76,2019
Dominican Republic,0.779,0.113,1.015,1.401,5.425,0.497,0.101,77,2019
Bosnia and Herzegovina,0.845,0.263,0.945,1.212,5.386,0.212,0.006,78,2019
Turkey,0.808,0.083,1.183,1.36,5.373,0.195,0.106,79,2019
Malaysia,0.828,0.26,1.221,1.171,5.339,0.508,0.024,80,2019
Belarus,0.789,0.094,1.067,1.465,5.323,0.235,0.142,81,2019
Greece,0.999,0.0,1.181,1.156,5.287,0.067,0.034,82,2019
Mongolia,0.667,0.235,0.948,1.531,5.285,0.317,0.038,83,2019
North Macedonia,0.838,0.185,0.983,1.294,5.274,0.345,0.034,84,2019
Nigeria,0.245,0.215,0.696,1.111,5.265,0.426,0.041,85,2019
Kyrgyzstan,0.723,0.3,0.551,1.438,5.261,0.508,0.023,86,2019
Turkmenistan,0.657,0.244,1.052,1.538,5.247,0.394,0.028,87,2019
Algeria,0.785,0.073,1.002,1.16,5.211,0.086,0.114,88,2019
Morocco,0.782,0.036,0.801,0.782,5.208,0.418,0.076,89,2019
Azerbaijan,0.769,0.035,1.043,1.147,5.208,0.351,0.182,90,2019
Lebanon,0.815,0.166,0.987,1.224,5.197,0.216,0.027,91,2019
Indonesia,0.66,0.498,0.931,1.203,5.192,0.491,0.028,92,2019
China,0.893,0.058,1.029,1.125,5.191,0.521,0.1,93,2019
Vietnam,0.851,0.147,0.741,1.346,5.175,0.543,0.073,94,2019
Bhutan,0.604,0.37,0.813,1.321,5.082,0.457,0.167,95,2019
Cameroon,0.331,0.187,0.549,0.91,5.044,0.381,0.037,96,2019
Bulgaria,0.815,0.081,1.092,1.513,5.011,0.311,0.004,97,2019
Ghana,0.486,0.245,0.611,0.868,4.996,0.381,0.04,98,2019
Ivory Coast,0.232,0.154,0.569,0.808,4.944,0.352,0.09,99,2019
Nepal,0.677,0.285,0.446,1.226,4.913,0.439,0.089,100,2019
Jordan,0.815,0.11,0.837,1.225,4.906,0.383,0.13,101,2019
Benin,0.397,0.175,0.393,0.437,4.883,0.349,0.082,102,2019
Congo (Brazzaville),0.508,0.105,0.673,0.799,4.812,0.372,0.093,103,2019
Gabon,0.571,0.043,1.057,1.183,4.799,0.295,0.055,104,2019
Laos,0.551,0.266,0.764,1.03,4.796,0.547,0.164,105,2019
South Africa,0.469,0.13,0.96,1.351,4.722,0.389,0.055,106,2019
Albania,0.874,0.178,0.947,0.848,4.719,0.383,0.027,107,2019
Venezuela,0.805,0.064,0.96,1.427,4.707,0.154,0.047,108,2019
Cambodia,0.637,0.232,0.574,1.122,4.7,0.609,0.062,109,2019
Palestinian Territories,0.672,0.103,0.657,1.247,4.696,0.225,0.066,110,2019
Senegal,0.571,0.153,0.45,1.134,4.681,0.292,0.072,111,2019
Somalia,0.268,0.243,0.0,0.698,4.668,0.559,0.27,112,2019
Namibia,0.477,0.07,0.879,1.313,4.639,0.401,0.056,113,2019
Niger,0.366,0.188,0.138,0.774,4.628,0.318,0.102,114,2019
Burkina Faso,0.38,0.177,0.331,1.056,4.587,0.255,0.113,115,2019
Armenia,0.815,0.095,0.85,1.055,4.559,0.283,0.064,116,2019
Iran,0.785,0.27,1.1,0.842,4.548,0.305,0.125,117,2019
Guinea,0.375,0.207,0.38,0.829,4.534,0.332,0.086,118,2019
Georgia,0.752,0.043,0.886,0.666,4.519,0.346,0.164,119,2019
Gambia,0.428,0.269,0.308,0.939,4.516,0.382,0.167,120,2019
Kenya,0.581,0.372,0.512,0.983,4.509,0.431,0.053,121,2019
Mauritania,0.489,0.106,0.57,1.167,4.49,0.066,0.088,122,2019
Mozambique,0.39,0.197,0.204,0.986,4.466,0.494,0.138,123,2019
Tunisia,0.815,0.059,0.921,1.0,4.461,0.167,0.055,124,2019
Bangladesh,0.723,0.166,0.562,0.928,4.456,0.527,0.143,125,2019
Iraq,0.574,0.148,1.043,0.98,4.437,0.241,0.089,126,2019
Congo (Kinshasa),0.357,0.212,0.094,1.125,4.418,0.269,0.053,127,2019
Mali,0.308,0.153,0.385,1.105,4.39,0.327,0.052,128,2019
Sierra Leone,0.242,0.252,0.268,0.841,4.374,0.309,0.045,129,2019
Sri Lanka,0.831,0.244,0.949,1.265,4.366,0.47,0.047,130,2019
Myanmar,0.555,0.566,0.71,1.181,4.36,0.525,0.172,131,2019
Chad,0.192,0.198,0.35,0.766,4.35,0.174,0.078,132,2019
Ukraine,0.739,0.187,0.82,1.39,4.332,0.178,0.01,133,2019
Ethiopia,0.532,0.209,0.336,1.033,4.286,0.344,0.1,134,2019
Swaziland,0.0,0.074,0.811,1.149,4.212,0.313,0.135,135,2019
Uganda,0.443,0.252,0.332,1.069,4.189,0.356,0.06,136,2019
Egypt,0.644,0.076,0.913,1.039,4.166,0.241,0.067,137,2019
Zambia,0.426,0.247,0.578,1.058,4.107,0.431,0.087,138,2019
Togo,0.41,0.177,0.275,0.572,4.085,0.293,0.085,139,2019
India,0.588,0.2,0.755,0.765,4.015,0.498,0.085,140,2019
Liberia,0.443,0.233,0.073,0.922,3.975,0.37,0.033,141,2019
Comoros,0.505,0.275,0.274,0.757,3.973,0.142,0.078,142,2019
Madagascar,0.555,0.169,0.274,0.916,3.933,0.148,0.041,143,2019
Lesotho,0.168,0.107,0.489,1.169,3.802,0.359,0.093,144,2019
Burundi,0.38,0.176,0.046,0.447,3.775,0.22,0.18,145,2019
Zimbabwe,0.433,0.151,0.366,1.114,3.663,0.361,0.089,146,2019
Haiti,0.449,0.419,0.323,0.688,3.597,0.026,0.11,147,2019
Botswana,0.538,0.025,1.041,1.145,3.488,0.455,0.1,148,2019
Syria,0.44,0.331,0.619,0.378,3.462,0.013,0.141,149,2019
Malawi,0.495,0.218,0.191,0.56,3.41,0.443,0.089,150,2019
Yemen,0.463,0.108,0.287,1.163,3.38,0.143,0.077,151,2019
Rwanda,0.614,0.217,0.359,0.711,3.334,0.555,0.411,152,2019
Tanzania,0.499,0.276,0.476,0.885,3.231,0.417,0.147,153,2019
Afghanistan,0.361,0.158,0.35,0.517,3.203,0.0,0.025,154,2019
Central African Republic,0.105,0.235,0.026,0.0,3.083,0.225,0.035,155,2019
South Sudan,0.295,0.202,0.306,0.575,2.853,0.01,0.091,156,2019
